n,a,u,v,s,t,scaled,residual
10,6,3,5,192,320,92.45926093841223,1.444675952162691
10,6,3,7,192,448,40.92209134777286,0.639407677308951
10,6,3,11,192,704,35.065017387474754,0.547890896679293
10,6,3,13,192,832,41.44047454899784,0.6475074148280913
10,6,3,17,192,1088,-8.680485324408238e-05,-1.3563258319387872e-06
10,6,3,19,192,1216,-9.701718891985678e-05,-1.5158935768727622e-06
10,6,5,7,320,448,19.192885912415232,0.299888842381488
10,6,5,9,320,576,-9.802760271515609e-05,-1.531681292424314e-06
10,6,5,11,320,704,45.240413752481395,0.7068814648825218
10,6,5,13,320,832,-0.00014159542614411436,-2.212428533501787e-06
10,6,5,17,320,1088,-0.0001729698632768617,-2.702654113700964e-06
10,6,5,19,320,1216,-0.0001933192589564925,-3.020613421195195e-06
10,6,7,9,448,576,83.99983744419904,1.31249746006561
10,6,7,11,448,704,-0.0001436702605821516,-2.2448478215961187e-06
10,6,7,13,448,832,96.69442781240554,1.5108504345688365
10,6,7,15,448,960,57.57865933370634,0.8996665520891616
10,6,7,17,448,1088,-0.00021097376014367342,-3.296465002244897e-06
10,6,7,19,448,1216,-0.00023579420251351735,-3.6842844142737086e-06
10,6,9,11,576,704,-0.0002064857105499307,-3.226339227342667e-06
10,6,9,13,576,832,186.48219223068972,2.913784253604527
10,6,9,17,576,1088,-0.00030643190824797273,-4.787998566374574e-06
10,6,9,19,576,1216,-0.00034248272098302834,-5.351292515359818e-06
10,6,11,13,704,832,-0.000298257137461011,-4.660267772828297e-06
10,6,11,15,704,960,-0.00034206661862379306,-5.344790915996767e-06
10,6,11,17,704,1088,-0.0003721748300744565,-5.815231719913383e-06
10,6,11,19,704,1216,-0.00041596010420086316,-6.499376628138487e-06
10,6,13,15,832,960,-0.0004067142783559241,-6.354910599311314e-06
10,6,13,17,832,1088,-0.00044262386746929394,-6.915997929207718e-06
10,6,13,19,832,1216,-0.000494697263642152,-7.729644744408626e-06
10,6,15,17,960,1088,-0.0005075111319197134,-7.929861436245522e-06
11,6,3,5,192,320,67.12493339674553,1.048827084324149
11,6,3,7,192,448,60.05400958471264,0.938343899761135
11,6,3,11,192,704,40.28939525266937,0.6295218008229589
11,6,3,13,192,832,43.777088404425854,0.684017006319154
11,6,3,17,192,1088,55.636297648107345,0.8693171507516773
11,6,3,19,192,1216,24.399429337222912,0.381241083394108
11,6,5,7,320,448,36.3069754922781,0.5672964920668453
11,6,5,9,320,576,37.61860782150333,0.5877907472109896
11,6,5,11,320,704,31.990556119486683,0.49985243936697943
11,6,5,13,320,832,41.205428085232995,0.6438348138317656
11,6,5,17,320,1088,97.14272753007221,1.5178551176573782
11,6,5,19,320,1216,41.3234236563505,0.6456784946304766
11,6,7,9,448,576,145.05544568571287,2.2664913388392636
11,6,7,11,448,704,39.01546508881968,0.6096166420128075
11,6,7,13,448,832,32.78742533659896,0.5123035208843587
11,6,7,15,448,960,54.09202057068802,0.8451878214170003
11,6,7,17,448,1088,-0.00011585616492615358,-1.8102525769711497e-06
11,6,7,19,448,1216,-0.00015581493823257908,-2.434608409884048e-06
11,6,9,11,576,704,62.70343367863583,0.9797411512286849
11,6,9,13,576,832,52.69408828254616,0.8233451294147838
11,6,9,17,576,1088,-0.00017340362300855006,-2.7094316095085946e-06
11,6,9,19,576,1216,-0.00022243311537861743,-3.4755174277908973e-06
11,6,11,13,704,832,6.675561645725051,0.10430565071445393
11,6,11,15,704,960,-0.0001419001396052444,-2.2171896813319436e-06
11,6,11,17,704,1088,-0.00017166127359802275,-2.6822073999691054e-06
11,6,11,19,704,1216,72.79399742871075,1.1374062098236055
11,6,13,15,832,960,-0.000176051049078918,-2.7507976418580937e-06
11,6,13,17,832,1088,-0.00021335568065072863,-3.333682510167635e-06
11,6,13,19,832,1216,-0.00028665327730004186,-4.478957457813154e-06
11,6,15,17,960,1088,339.99959896323344,5.3124937338005225
12,6,3,5,192,320,60.39292593014193,0.9436394676584676
12,6,3,7,192,448,66.78098420457222,1.043452878196441
12,6,3,11,192,704,53.408870229163206,0.8345135973306751
12,6,3,13,192,832,45.11796877296306,0.7049682620775478
12,6,3,17,192,1088,52.02857586593666,0.8129464979052603
12,6,3,19,192,1216,49.55817776518944,0.774346527581085
12,6,5,7,320,448,45.66199323545347,0.7134686443039605
12,6,5,9,320,576,45.64931770957051,0.7132705892120392
12,6,5,11,320,704,56.38206548005413,0.8809697731258458
12,6,5,13,320,832,44.81742291354617,0.7002722330241589
12,6,5,17,320,1088,75.19636492548926,1.1749432019607697
12,6,5,19,320,1216,74.67072742099575,1.1667301159530585
12,6,7,9,448,576,139.84882246241932,2.185137850975302
12,6,7,11,448,704,35.440589939689474,0.553759217807648
12,6,7,13,448,832,41.18563851342118,0.643525601772206
12,6,7,15,448,960,57.76968318697243,0.9026512997964442
12,6,7,17,448,1088,25.747336692818966,0.40230213582529634
12,6,7,19,448,1216,42.14438975096974,0.6585060898589021
12,6,9,11,576,704,34.36391505964515,0.5369361728069555
12,6,9,13,576,832,63.77652626274943,0.9965082228554598
12,6,9,17,576,1088,42.25230174008789,0.6601922146888732
12,6,9,19,576,1216,53.73180233493552,0.8395594114833675
12,6,11,13,704,832,44.644950670544205,0.6975773542272532
12,6,11,15,704,960,38.20872442954975,0.5970113192117148
12,6,11,17,704,1088,33.05199823178201,0.5164374723715939
12,6,11,19,704,1216,47.68440233164907,0.7450687864320167
12,6,13,15,832,960,50.05444594945252,0.7821007179601956
12,6,13,17,832,1088,17.326316091602884,0.27072368893129506
12,6,13,19,832,1216,41.08260898922317,0.641915765456612
12,6,15,17,960,1088,213.22525468522187,3.3316446044565917
13,6,3,5,192,320,61.61272263530273,0.9626987911766052
13,6,3,7,192,448,62.282570627751,0.9731651660586094
13,6,3,11,192,704,58.11870844315021,0.908104819424222
13,6,3,13,192,832,55.456879529882514,0.8665137426544143
13,6,3,17,192,1088,68.90493684634741,1.0766396382241783
13,6,3,19,192,1216,53.53280135567999,0.8364500211824999
13,6,5,7,320,448,56.62784275863299,0.8848100431036404
13,6,5,9,320,576,56.35389620017529,0.8805296281277389
13,6,5,11,320,704,53.217283132066726,0.8315200489385426
13,6,5,13,320,832,63.21106570900249,0.9876729017031639
13,6,5,17,320,1088,122.5873195441725,1.9154268678776953
13,6,5,19,320,1216,58.5425241595926,0.9147269399936344
13,6,7,9,448,576,98.19306595773575,1.5342666555896212
13,6,7,11,448,704,59.171492632707704,0.9245545723860579
13,6,7,13,448,832,62.314724888940376,0.9736675763896934
13,6,7,15,448,960,44.69722134233653,0.6983940834740083
13,6,7,17,448,1088,44.277562921497406,0.691836920648397
13,6,7,19,448,1216,46.011032692951524,0.7189223858273676
13,6,9,11,576,704,57.698731914228944,0.9015426861598272
13,6,9,13,576,832,69.40280751461802,1.0844188674159065
13,6,9,17,576,1088,44.28787696367345,0.6919980775573976
13,6,9,19,576,1216,48.352348967001234,0.7555054526093943
13,6,11,13,704,832,62.9006006769924,0.9828218855780062
13,6,11,15,704,960,46.39091497865682,0.7248580465415128
13,6,11,17,704,1088,53.173391090371176,0.8308342357870496
13,6,11,19,704,1216,57.8381653197775,0.9037213331215235
13,6,13,15,832,960,37.84208642223401,0.5912826003474064
13,6,13,17,832,1088,28.280176072631807,0.441877751134872
13,6,13,19,832,1216,63.45941492617104,0.9915533582214225
13,6,15,17,960,1088,328.45589256252066,5.132123321289385
14,6,3,5,192,320,61.7547490335133,0.9649179536486453
14,6,3,7,192,448,61.763675342264754,0.9650574272228868
14,6,3,11,192,704,60.05932927344845,0.938427019897632
14,6,3,13,192,832,57.91876466145139,0.904980697835178
14,6,3,17,192,1088,63.285823603317795,0.9888409938018405
14,6,3,19,192,1216,57.553803721610066,0.8992781831501573
14,6,5,7,320,448,57.794751703419614,0.9030429953659315
14,6,5,9,320,576,60.31733366038963,0.942458338443588
14,6,5,11,320,704,58.69322342263451,0.9170816159786642
14,6,5,13,320,832,66.80167385218502,1.043776153940391
14,6,5,17,320,1088,96.13701295020701,1.5021408273469845
14,6,5,19,320,1216,61.037782413095364,0.9537153502046151
14,6,7,9,448,576,70.96591960262525,1.1088424937910195
14,6,7,11,448,704,59.612589348696375,0.9314467085733809
14,6,7,13,448,832,59.77251158215053,0.933945493471102
14,6,7,15,448,960,51.09185226830922,0.7983101916923315
14,6,7,17,448,1088,49.729168303120304,0.7770182547362547
14,6,7,19,448,1216,55.98658747351696,0.8747904292737025
14,6,9,11,576,704,59.59319654286412,0.9311436959822519
14,6,9,13,576,832,71.0449598336674,1.1100774974010532
14,6,9,17,576,1088,51.49620760942214,0.804628243897221
14,6,9,19,576,1216,55.544277206367894,0.8678793313494984
14,6,11,13,704,832,59.52913216411797,0.9301426900643432
14,6,11,15,704,960,55.22499690838315,0.8628905766934867
14,6,11,17,704,1088,53.732920129607834,0.8395768770251224
14,6,11,19,704,1216,57.969370541356284,0.9057714147086919
14,6,13,15,832,960,48.16805508624193,0.7526258607225301
14,6,13,17,832,1088,46.49338532086488,0.7264591456385138
14,6,13,19,832,1216,59.058920930772935,0.9227956395433271
14,6,15,17,960,1088,238.89013366686896,3.7326583385448275
15,6,3,5,192,320,61.15615479667135,0.9555649186979899
15,6,3,7,192,448,61.347535535767435,0.9585552427463662
15,6,3,11,192,704,59.40521223755336,0.9282064412117712
15,6,3,13,192,832,59.638969581061325,0.9318588997040832
15,6,3,17,192,1088,61.96108747204719,0.9681419917507373
15,6,3,19,192,1216,57.89501588803018,0.9046096232504716
15,6,5,7,320,448,60.18658108142325,0.9404153293972383
15,6,5,9,320,576,60.23602325934924,0.9411878634273319
15,6,5,11,320,704,58.61142927726907,0.9158035824573292
15,6,5,13,320,832,63.804007715112284,0.9969376205486294
15,6,5,17,320,1088,74.41126139308972,1.1626759592670268
15,6,5,19,320,1216,57.504681688507404,0.8985106513829282
15,6,7,9,448,576,74.6733525915725,1.1667711342433202
15,6,7,11,448,704,59.630419189603536,0.9317252998375553
15,6,7,13,448,832,65.25098910369573,1.0195467047452458
15,6,7,15,448,960,57.24562810806827,0.8944629391885667
15,6,7,17,448,1088,56.21286778222971,0.8783260590973392
15,6,7,19,448,1216,59.97273446413812,0.9370739760021581
15,6,9,11,576,704,57.52047401972748,0.8987574065582419
15,6,9,13,576,832,63.87928531224894,0.9981138330038897
15,6,9,17,576,1088,55.24810241731194,0.8632516002704991
15,6,9,19,576,1216,55.09767881163916,0.8609012314318619
15,6,11,13,704,832,61.22050165539905,0.9565703383656101
15,6,11,15,704,960,55.83218839915211,0.8723779437367517
15,6,11,17,704,1088,59.18468597718041,0.9247607183934439
15,6,11,19,704,1216,61.62898277456375,0.9629528558525586
15,6,13,15,832,960,57.88073343397351,0.9043864599058361
15,6,13,17,832,1088,57.93409083506044,0.9052201692978193
15,6,13,19,832,1216,63.90107826076138,0.9984543478243966
15,6,15,17,960,1088,123.7790421307799,1.934047533293436
16,6,3,5,192,320,60.75628071269193,0.9493168861358114
16,6,3,7,192,448,61.10924902931422,0.9548320160830347
16,6,3,11,192,704,60.29697121880685,0.9421401752938571
16,6,3,13,192,832,59.71401224190317,0.933031441279737
16,6,3,17,192,1088,60.71729664687917,0.948707760107487
16,6,3,19,192,1216,59.281286207977075,0.9262700969996418
16,6,5,7,320,448,60.101397392930394,0.9390843342645374
16,6,5,9,320,576,60.15106657476058,0.939860415230634
16,6,5,11,320,704,60.01402487015556,0.9377191385961806
16,6,5,13,320,832,61.70831177895464,0.9641923715461662
16,6,5,17,320,1088,66.30100745899533,1.035953241546802
16,6,5,19,320,1216,58.726097511498246,0.9175952736171601
16,6,7,9,448,576,66.46102506936074,1.0384535167087616
16,6,7,11,448,704,60.690440880328,0.948288138755125
16,6,7,13,448,832,60.941349454850865,0.9522085852320448
16,6,7,15,448,960,58.67441084010304,0.91678766937661
16,6,7,17,448,1088,58.35557159940447,0.9118058062406948
16,6,7,19,448,1216,59.19825985296558,0.9249728102025871
16,6,9,11,576,704,59.32777297529884,0.9269964527390444
16,6,9,13,576,832,61.95458660388799,0.9680404156857498
16,6,9,17,576,1088,57.20839095245281,0.8938811086320751
16,6,9,19,576,1216,58.83597239959666,0.9193120687436979
16,6,11,13,704,832,61.07833566614397,0.9543489947834995
16,6,11,15,704,960,58.59707034607782,0.915579224157466
16,6,11,17,704,1088,60.33303893583286,0.9427037333723884
16,6,11,19,704,1216,59.345041458354466,0.9272662727867885
16,6,13,15,832,960,57.9915426105039,0.9061178532891234
16,6,13,17,832,1088,57.93828801717502,0.9052857502683597
16,6,13,19,832,1216,61.821271218803936,0.9659573627938115
16,6,15,17,960,1088,84.99042191091033,1.3279753423579739
17,6,3,5,192,320,60.82711782469168,0.9504237160108076
17,6,3,7,192,448,60.727520889384806,0.9488675138966376
17,6,3,11,192,704,60.38979468573595,0.9435905419646242
17,6,3,13,192,832,60.21758164422228,0.9408997131909731
17,6,3,17,192,1088,60.58777233967773,0.9466839428074645
17,6,3,19,192,1216,59.997296143399105,0.937457752240611
17,6,5,7,320,448,60.129587525093996,0.9395248050795937
17,6,5,9,320,576,60.392806050552245,0.9436375945398788
17,6,5,11,320,704,60.18236641437969,0.9403494752246827
17,6,5,13,320,832,61.25485300586007,0.9571070782165636
17,6,5,17,320,1088,63.186182039235476,0.9872840943630543
17,6,5,19,320,1216,59.629503152837586,0.9317109867630873
17,6,7,9,448,576,67.06931340135127,1.0479580218961135
17,6,7,11,448,704,60.176302260866,0.9402547228260313
17,6,7,13,448,832,61.45395817097185,0.9602180964214352
17,6,7,15,448,960,59.305158522593096,0.9266431019155171
17,6,7,17,448,1088,59.0463174673659,0.9225987104275922
17,6,7,19,448,1216,60.299271287355985,0.9421761138649373
17,6,9,11,576,704,59.68095311322254,0.9325148923941022
17,6,9,13,576,832,60.865998792310364,0.9510312311298494
17,6,9,17,576,1088,58.85643512765773,0.9196317988696521
17,6,9,19,576,1216,59.79089009166708,0.9342326576822981
17,6,11,13,704,832,59.99889567812495,0.9374827449707024
17,6,11,15,704,960,58.55107573243715,0.9148605583193304
17,6,11,17,704,1088,58.76281966058068,0.9181690571965732
17,6,11,19,704,1216,60.48483279124826,0.945075512363254
17,6,13,15,832,960,59.18055205024666,0.9246961257851041
17,6,13,17,832,1088,58.979477152314544,0.9215543305049148
17,6,13,19,832,1216,61.05419955097287,0.9539718679839511
17,6,15,17,960,1088,75.49388135882093,1.179591896231577
18,6,3,5,192,320,60.732907869914655,0.9489516854674165
18,6,3,7,192,448,60.80961844894563,0.9501502882647754
18,6,3,11,192,704,60.485415558136374,0.9450846180958808
18,6,3,13,192,832,60.449720624507734,0.9445268847579333
18,6,3,17,192,1088,60.4795429587845,0.9449928587310078
18,6,3,19,192,1216,60.34076052775963,0.9428243832462442
18,6,5,7,320,448,60.42046767534629,0.9440698074272857
18,6,5,9,320,576,60.55861207519605,0.9462283136749383
18,6,5,11,320,704,60.3926313791925,0.9436348652998828
18,6,5,13,320,832,61.25969384432268,0.9571827163175419
18,6,5,17,320,1088,61.586115304134076,0.9622830516270949
18,6,5,19,320,1216,60.21331953453524,0.9408331177271131
18,6,7,9,448,576,64.12213897654622,1.0019084215085348
18,6,7,11,448,704,60.410452618419015,0.9439133221627971
18,6,7,13,448,832,61.07270735013911,0.9542610523459236
18,6,7,15,448,960,60.1854610585685,0.9403978290401328
18,6,7,17,448,1088,59.78720162700333,0.934175025421927
18,6,7,19,448,1216,60.36156997364903,0.9431495308382661
18,6,9,11,576,704,60.14354528183305,0.9397428950286414
18,6,9,13,576,832,60.96218454571536,0.9525341335268025
18,6,9,17,576,1088,59.61570574659112,0.9314954022904862
18,6,9,19,576,1216,60.43610959012423,0.9443142123456911
18,6,11,13,704,832,60.376480280773215,0.9433825043870815
18,6,11,15,704,960,59.70504496210662,0.9328913275329159
18,6,11,17,704,1088,59.618326724051904,0.931536355063311
18,6,11,19,704,1216,60.25369073583935,0.9414639177474898
18,6,13,15,832,960,60.23785067752665,0.9412164168363539
18,6,13,17,832,1088,59.47121040589681,0.9292376625921377
18,6,13,19,832,1216,61.03097082466274,0.9536089191353553
18,6,15,17,960,1088,68.09920562601468,1.0640500879064794
19,6,3,5,192,320,60.69542771383132,0.9483660580286144
19,6,3,7,192,448,60.67285814724236,0.9480134085506619
19,6,3,11,192,704,60.51159512588209,0.9454936738419076
19,6,3,13,192,832,60.532115392714175,0.945814303011159
19,6,3,17,192,1088,60.598314006541926,0.9468486563522176
19,6,3,19,192,1216,60.4998020306485,0.9453094067288829
19,6,5,7,320,448,60.47317597515581,0.9448933746118096
19,6,5,9,320,576,60.58480853718052,0.9466376333934456
19,6,5,11,320,704,60.45801205603995,0.9446564383756242
19,6,5,13,320,832,60.900803396065015,0.9515750530635159
19,6,5,17,320,1088,61.56683630740788,0.9619818173032482
19,6,5,19,320,1216,60.33643945714165,0.9427568665178383
19,6,7,9,448,576,63.59845130098592,0.993725801577905
19,6,7,11,448,704,60.423083604365665,0.9441106813182135
19,6,7,13,448,832,60.98086865482317,0.952826072731612
19,6,7,15,448,960,60.33738049022584,0.9427715701597787
19,6,7,17,448,1088,60.1531235815214,0.9398925559612719
19,6,7,19,448,1216,60.52807509616039,0.9457511733775061
19,6,9,11,576,704,60.28384947661285,0.9419351480720758
19,6,9,13,576,832,60.78067629195875,0.9496980670618554
19,6,9,17,576,1088,60.18119801579941,0.9403312189968658
19,6,9,19,576,1216,60.43503943554917,0.9442974911804558
19,6,11,13,704,832,60.24328383155776,0.94130130986809
19,6,11,15,704,960,60.010004673749215,0.9376563230273315
19,6,11,17,704,1088,59.90717017619869,0.9360495340031045
19,6,11,19,704,1216,60.42098647371493,0.9440779136517958
19,6,13,15,832,960,60.41126250983997,0.9439259767162496
19,6,13,17,832,1088,60.25920773920033,0.9415501209250051
19,6,13,19,832,1216,60.536522683176564,0.9458831669246338
19,6,15,17,960,1088,68.2104467728806,1.0657882308262594
20,6,3,5,192,320,60.63697034570947,0.9474526616517105
20,6,3,7,192,448,60.65228255273742,0.9476919148865222
20,6,3,11,192,704,60.57092589119459,0.9464207170499155
20,6,3,13,192,832,60.55640104079817,0.9461937662624714
20,6,3,17,192,1088,60.58137644047922,0.9465840068824878
20,6,3,19,192,1216,60.5387746161977,0.945918353378089
20,6,5,7,320,448,60.523161519204095,0.945674398737564
20,6,5,9,320,576,60.58253792431294,0.9466021550673897
20,6,5,11,320,704,60.52847287710759,0.9457573887048061
20,6,5,13,320,832,60.764358573391014,0.9494431027092346
20,6,5,17,320,1088,61.04393087317402,0.9538114198933441
20,6,5,19,320,1216,60.438711044435976,0.9443548600693121
20,6,7,9,448,576,61.85651836831504,0.9665080995049224
20,6,7,11,448,704,60.51841332045215,0.9456002081320648
20,6,7,13,448,832,60.74708313555246,0.9491731739930072
20,6,7,15,448,960,60.47518860243356,0.9449248219130244
20,6,7,17,448,1088,60.385016630434734,0.9435158848505427
20,6,7,19,448,1216,60.564782778241465,0.9463247309100229
20,6,9,11,576,704,60.43292980566959,0.9442645282135873
20,6,9,13,576,832,60.68192817290507,0.9481551277016417
20,6,9,17,576,1088,60.34164823270186,0.9428382536359665
20,6,9,19,576,1216,60.51538791399443,0.945552936156163
20,6,11,13,704,832,60.40902554503911,0.943891024141236
20,6,11,15,704,960,60.3166064522125,0.9424469758158203
20,6,11,17,704,1088,60.27255080953967,0.9417586063990574
20,6,11,19,704,1216,60.459422469305,0.9446784760828906
20,6,13,15,832,960,60.497061782225074,0.9452665903472668
20,6,13,17,832,1088,60.31994825292859,0.9424991914520092
20,6,13,19,832,1216,60.561418557522806,0.9462721649612938
20,6,15,17,960,1088,65.10684211244929,1.01729440800702
21,6,3,5,192,320,60.62981914568581,0.9473409241513407
21,6,3,7,192,448,60.62271924169102,0.9472299881514222
21,6,3,11,192,704,60.5662339707808,0.94634740579345
21,6,3,13,192,832,60.5650533216892,0.9463289581513937
21,6,3,17,192,1088,60.621658325904825,0.9472134113422629
21,6,3,19,192,1216,60.543772836230474,0.9459964505661012
21,6,5,7,320,448,60.5610735533904,0.946266774271725
21,6,5,9,320,576,60.595810348227516,0.9468095366910549
21,6,5,11,320,704,60.550026492837034,0.9460941639505787
21,6,5,13,320,832,60.69444276672495,0.9483506682300773
21,6,5,17,320,1088,61.12195574004982,0.9550305584382784
21,6,5,19,320,1216,60.49760611010741,0.9452750954704283
21,6,7,9,448,576,61.94278972909008,0.9678560895170325
21,6,7,11,448,704,60.533167746471605,0.9458307460386188
21,6,7,13,448,832,60.7265962626376,0.9488530666037125
21,6,7,15,448,960,60.52916767685228,0.9457682449508169
21,6,7,17,448,1088,60.48149728293261,0.945023395045822
21,6,7,19,448,1216,60.54583100740734,0.9460286094907396
21,6,9,11,576,704,60.48170738265445,0.9450266778539758
21,6,9,13,576,832,60.66782074899591,0.9479346992030611
21,6,9,17,576,1088,60.49495851918177,0.9452337268622152
21,6,9,19,576,1216,60.51752657099016,0.9455863526717212
21,6,11,13,704,832,60.45132464659137,0.9445519476029901
21,6,11,15,704,960,60.416468994549845,0.9440073280398413
21,6,11,17,704,1088,60.410208515450016,0.9439095080539065
21,6,11,19,704,1216,60.48078072061614,0.9450121987596272
21,6,13,15,832,960,60.56511497501666,0.9463299214846354
21,6,13,17,832,1088,60.517095898299615,0.9455796234109315
21,6,13,19,832,1216,60.45602145785737,0.9446253352790214
21,6,15,17,960,1088,64.93993382935227,1.0146864660836292
22,6,3,5,192,320,60.60973008507405,0.947027032579282
22,6,3,7,192,448,60.61233339954077,0.9470677093678246
22,6,3,11,192,704,60.581782735262074,0.9465903552384699
22,6,3,13,192,832,60.58397360946026,0.9466245876478165
22,6,3,17,192,1088,60.6043982524568,0.9469437226946374
22,6,3,19,192,1216,60.57372498646297,0.9464644529134839
22,6,5,7,320,448,60.57651412500438,0.9465080332031934
22,6,5,9,320,576,60.59208668602363,0.9467513544691192
22,6,5,11,320,704,60.5694955403718,0.9463983678183093
22,6,5,13,320,832,60.65498614966721,0.9477341585885501
22,6,5,17,320,1088,60.8293868412773,0.9504591693949578
22,6,5,19,320,1216,60.55060468895418,0.9461031982649091
22,6,7,9,448,576,61.175004341644104,0.9558594428381891
22,6,7,11,448,704,60.56358567748753,0.9463060262107427
22,6,7,13,448,832,60.66687081920497,0.9479198565500777
22,6,7,15,448,960,60.57232102150587,0.9464425159610292
22,6,7,17,448,1088,60.543470257846934,0.9459917227788583
22,6,7,19,448,1216,60.57938999114213,0.9465529686115958
22,6,9,11,576,704,60.53819387732186,0.945909279333154
22,6,9,13,576,832,60.64843633681849,0.9476318177627889
22,6,9,17,576,1088,60.54054919751496,0.9459460812111713
22,6,9,19,576,1216,60.550249772888115,0.9460976527013768
22,6,11,13,704,832,60.52255736816664,0.9456649588776037
22,6,11,15,704,960,60.510139560249584,0.9454709306288998
22,6,11,17,704,1088,60.50561152015803,0.9454001800024692
22,6,11,19,704,1216,60.53474811956994,0.9458554393682803
22,6,13,15,832,960,60.59450190932392,0.9467890923331862
22,6,13,17,832,1088,60.55804989425483,0.9462195295977317
22,6,13,19,832,1216,60.53820394743553,0.9459094366786801
22,6,15,17,960,1088,63.66727156565565,0.9948011182133696
23,6,3,5,192,320,60.60552412661289,0.9469613144783264
23,6,3,7,192,448,60.598456036115614,0.9468508755643065
23,6,3,11,192,704,60.58662299883678,0.9466659843568247
23,6,3,13,192,832,60.584256481982294,0.9466290075309733
23,6,3,17,192,1088,60.605004473057065,0.9469531948915166
23,6,3,19,192,1216,60.57758072741517,0.946524698865862
23,6,5,7,320,448,60.58099579950603,0.9465780593672817
23,6,5,9,320,576,60.59723046339418,0.9468317259905341
23,6,5,11,320,704,60.579081560592506,0.9465481493842579
23,6,5,13,320,832,60.62741359129732,0.9473033373640206
23,6,5,17,320,1088,60.77029636282676,0.9495358806691682
23,6,5,19,320,1216,60.56532768338892,0.9463332450529519
23,6,7,9,448,576,61.16937518727657,0.9557714873011964
23,6,7,11,448,704,60.57444731466048,0.94647573929157
23,6,7,13,448,832,60.642652471520556,0.9475414448675087
23,6,7,15,448,960,60.578291665031635,0.9465358072661193
23,6,7,17,448,1088,60.55929608182274,0.9462390012784803
23,6,7,19,448,1216,60.56938484450536,0.9463966381953962
23,6,9,11,576,704,60.565413878802076,0.9463345918562824
23,6,9,13,576,832,60.623652350297974,0.9472445679734058
23,6,9,17,576,1088,60.57144556983631,0.9464288370286923
23,6,9,19,576,1216,60.558912331221435,0.9462330051753349
23,6,11,13,704,832,60.550482703538144,0.9461012922427835
23,6,11,15,704,960,60.54576407194723,0.9460275636241755
23,6,11,17,704,1088,60.543457338094164,0.9459915209077213
23,6,11,19,704,1216,60.55375013447099,0.9461523458511092
23,6,13,15,832,960,60.6008742573797,0.9468886602715578
23,6,13,17,832,1088,60.570800809743346,0.9464187626522398
23,6,13,19,832,1216,60.5451874695103,0.9460185542110985
23,6,15,17,960,1088,62.439725525159716,0.9756207113306206
24,6,3,5,192,320,60.59734425982795,0.9468335040598117
24,6,3,7,192,448,60.59764654792316,0.9468382273112994
24,6,3,11,192,704,60.58959286155135,0.9467123884617399
24,6,3,13,192,832,60.586186759456524,0.9466591681165082
24,6,3,17,192,1088,60.5960547668929,0.9468133557327015
24,6,3,19,192,1216,60.58568089726349,0.946651264019742
24,6,5,7,320,448,60.585719909449814,0.9466518735851533
24,6,5,9,320,576,60.59406395691338,0.9467822493267716
24,6,5,11,320,704,60.584885743698905,0.9466388397452954
24,6,5,13,320,832,60.60841584126113,0.9470064975197051
24,6,5,17,320,1088,60.665387066418724,0.9478966729127926
24,6,5,19,320,1216,60.578892226392185,0.9465451910373779
24,6,7,9,448,576,60.86950924581488,0.9510860819658575
24,6,7,11,448,704,60.584229618015016,0.9466285877814846
24,6,7,13,448,832,60.61412332561072,0.9470956769626675
24,6,7,15,448,960,60.58666458880755,0.946666634200118
24,6,7,17,448,1088,60.574755041630006,0.9464805475254688
24,6,7,19,448,1216,60.58205924280606,0.9465946756688447
24,6,9,11,576,704,60.57960120116478,0.9465562687681996
24,6,9,13,576,832,60.61322854873177,0.9470816960739339
24,6,9,17,576,1088,60.57929600034147,0.9465515000053355
24,6,9,19,576,1216,60.5770018859348,0.9465156544677312
24,6,11,13,704,832,60.56981409277758,0.9464033451996496
24,6,11,15,704,960,60.56847186417122,0.9463823728776753
24,6,11,17,704,1088,60.56737435482196,0.9463652242940931
24,6,11,19,704,1216,60.57323692442873,0.9464568269441989
24,6,13,15,832,960,60.59505333883466,0.9467977084192916
24,6,13,17,832,1088,60.57218411190224,0.9464403767484725
24,6,13,19,832,1216,60.57017481299093,0.9464089814529832
24,6,15,17,960,1088,61.52509990522217,0.9613296860190964
25,6,3,5,192,320,60.59553790834766,0.9468052798179322
25,6,3,7,192,448,60.59334822746331,0.9467710660541142
25,6,3,11,192,704,60.58895066446027,0.9467023541321917
25,6,3,13,192,832,60.58798860246179,0.9466873219134655
25,6,3,17,192,1088,60.594233699959744,0.946784901561871
25,6,3,19,192,1216,60.58754022360572,0.9466803159938394
25,6,5,7,320,448,60.58796280290007,0.9466869187953136
25,6,5,9,320,576,60.59386048791576,0.9467790701236838
25,6,5,11,320,704,60.58667007840387,0.9466667199750605
25,6,5,13,320,832,60.60377630708185,0.9469340047981539
25,6,5,17,320,1088,60.64792806544309,0.9476238760225483
25,6,5,19,320,1216,60.58460963538795,0.9466345255529367
25,6,7,9,448,576,60.85200860060332,0.9508126343844269
25,6,7,11,448,704,60.58546997352396,0.9466479683363119
25,6,7,13,448,832,60.60867001184453,0.9470104689350708
25,6,7,15,448,960,60.58715223660053,0.9466742536968833
25,6,7,17,448,1088,60.58127927768752,0.9465824887138675
25,6,7,19,448,1216,60.587432004022546,0.9466786250628523
25,6,9,11,576,704,60.583688925406925,0.9466201394594832
25,6,9,13,576,832,60.60482344958219,0.9469503663997217
25,6,9,17,576,1088,60.585326433271774,0.9466457255198715
25,6,9,19,576,1216,60.58481572010084,0.9466377456265757
25,6,11,13,704,832,60.57811683864693,0.9465330756038582
25,6,11,15,704,960,60.57698819897701,0.9465154406090158
25,6,11,17,704,1088,60.57685381516226,0.9465133408619103
25,6,11,19,704,1216,60.57842372001302,0.9465378706252034
25,6,13,15,832,960,60.59654753266542,0.9468210551978972
25,6,13,17,832,1088,60.58292128316404,0.9466081450494381
25,6,13,19,832,1216,60.58116716767571,0.946580736994933
25,6,15,17,960,1088,61.20408733709852,0.9563138646421644
26,6,3,5,192,320,60.592539150910945,0.9467584242329835
26,6,3,7,192,448,60.59235399363874,0.9467555311506053
26,6,3,11,192,704,60.58979169140963,0.9467154951782755
26,6,3,13,192,832,60.58908743923197,0.9467044912379995
26,6,3,17,192,1088,60.59165995039852,0.9467446867249769
26,6,3,19,192,1216,60.58881163291508,0.9467001817642982
26,6,5,7,320,448,60.588868196697675,0.9467010655734012
26,6,5,9,320,576,60.59160318660205,0.946743799790657
26,6,5,11,320,704,60.58863758809611,0.9466974623140018
26,6,5,13,320,832,60.59879270049889,0.9468561359452952
26,6,5,17,320,1088,60.617017054213,0.9471408914720781
26,6,5,19,320,1216,60.58712213299574,0.9466737833280584
26,6,7,9,448,576,60.70868568376601,0.9485732138088439
26,6,7,11,448,704,60.58796157042569,0.9466868995379014
26,6,7,13,448,832,60.598201616782795,0.9468469002622312
26,6,7,15,448,960,60.58946971895834,0.9467104643587241
26,6,7,17,448,1088,60.585109167247985,0.9466423307382498
26,6,7,19,448,1216,60.58867720796032,0.94669808137438
26,6,9,11,576,704,60.58711814928155,0.9466737210825242
26,6,9,13,576,832,60.59949802553618,0.9468671566490028
26,6,9,17,576,1088,60.58695438797136,0.9466711623120525
26,6,9,19,576,1216,60.58792180450922,0.9466862781954566
26,6,11,13,704,832,60.58450191469676,0.9466328424171369
26,6,11,15,704,960,60.58407369954467,0.9466261515553854
26,6,11,17,704,1088,60.58345453500218,0.9466164771094091
26,6,11,19,704,1216,60.5842067168345,0.9466282299505391
26,6,13,15,832,960,60.594854511001145,0.9467946017343929
26,6,13,17,832,1088,60.58403794793259,0.9466255929364468
26,6,13,19,832,1216,60.58580431212272,0.9466531923769175
26,6,15,17,960,1088,60.932099930850804,0.9520640614195438
